Timestamp,SoilHum_20cm,SoilHum_40cm,SoilHum_60cm,SoilHum_80cm,SoilHum_100cm,SoilHum_120cm,ContIonic_20cm,ContIonic_40cm,ContIonic_60cm,ContIonic_80cm,ContIonic_100cm,ContIonic_120cm,SoilTemp_mean_20cm,SoilTemp_max_20cm,SoilTemp_min_20cm,SoilTemp_mean_40cm,SoilTemp_max_40cm,SoilTemp_min_40cm,SoilTemp_mean_60cm,SoilTemp_max_60cm,SoilTemp_min_60cm,SoilTemp_mean_80cm,SoilTemp_max_80cm,SoilTemp_min_80cm,SoilTemp_mean_100cm,SoilTemp_max_100cm,SoilTemp_min_100cm,SoilTemp_mean_120cm,SoilTemp_max_120cm,SoilTemp_min_120cm
2023-08-16,11.643636363636364,5.441818181818181,11.973636363636365,2.722727272727273,1.5536363636363637,5.108181818181818,1650.6434636363635,2490.8925545454545,1568.5722090909092,1114.6660545454545,1059.1438727272728,3037.030327272727,33.31818181818182,33.72727272727273,32.872727272727275,31.518181818181816,31.736363636363638,31.281818181818185,29.91818181818182,30.0,29.827272727272728,29.94545454545454,30.018181818181816,29.87272727272727,29.30909090909091,29.354545454545452,29.227272727272727,29.563636363636363,29.6,29.50909090909091
2023-08-17,11.190833333333332,5.47375,12.257083333333334,2.705833333333333,1.55875,5.145833333333333,1714.9298416666668,2452.5742833333334,1548.1406291666665,1119.02735,1070.3832125000001,3041.6869291666667,31.912499999999998,32.387499999999996,31.412499999999998,30.433333333333334,30.616666666666664,30.2,29.72083333333333,29.787499999999998,29.633333333333336,30.125,30.175,30.054166666666664,29.55,29.570833333333336,29.508333333333336,29.71666666666667,29.733333333333334,29.65833333333333
2023-08-18,10.167083333333332,5.468333333333334,12.290833333333333,2.7529166666666662,1.5466666666666669,5.241666666666666,1913.7463375,2496.2848458333333,1551.3299208333335,1153.8404916666666,1077.3367375,3022.5271833333336,33.229166666666664,33.704166666666666,32.729166666666664,31.645833333333332,31.825,31.420833333333334,30.754166666666666,30.84583333333333,30.662499999999998,30.9375,30.995833333333334,30.875,30.1125,30.133333333333336,30.066666666666666,30.129166666666666,30.150000000000002,30.05
2023-08-19,9.309166666666668,5.399166666666667,12.224166666666667,2.8175000000000003,1.5374999999999999,5.295,2021.2742458333332,2521.409954166667,1553.5037458333334,1189.8876541666666,1080.3009208333333,2990.956791666667,32.479166666666664,33.02916666666667,31.90416666666667,31.495833333333334,31.704166666666666,31.270833333333332,30.962500000000002,31.0625,30.837500000000002,31.28333333333333,31.34583333333333,31.204166666666666,30.53333333333333,30.558333333333334,30.479166666666668,30.504166666666666,30.541666666666668,30.458333333333332
2023-08-20,8.642083333333334,5.312083333333333,12.11125,2.8020833333333335,1.5258333333333332,5.2387500000000005,2060.5235708333335,2533.832195833333,1545.5551541666666,1181.4356666666665,1074.8336333333334,3007.778479166667,31.504166666666666,31.974999999999998,31.02916666666667,30.8875,31.041666666666668,30.691666666666666,30.683333333333334,30.741666666666664,30.59166666666667,31.191666666666666,31.245833333333334,31.137500000000003,30.575,30.620833333333334,30.537499999999998,30.608333333333334,30.641666666666666,30.558333333333334
2023-08-21,7.962083333333333,5.2437499999999995,12.010416666666666,2.78375,1.5104166666666667,5.180416666666667,2145.362166666667,2585.973470833333,1550.8674291666666,1177.5081,1070.7243333333333,3034.429545833333,32.59166666666667,33.0625,32.112500000000004,31.275000000000002,31.429166666666664,31.066666666666666,30.804166666666664,30.866666666666664,30.704166666666666,31.183333333333334,31.254166666666666,31.125,30.554166666666664,30.59583333333333,30.495833333333334,30.5625,30.599999999999998,30.52916666666667
2023-08-22,7.37375,5.1345833333333335,11.93,2.765833333333333,1.4945833333333332,5.123333333333333,2185.8952041666666,2645.587058333333,1563.1616625,1173.9413124999999,1068.5788958333333,3063.7390833333334,32.487500000000004,32.90416666666667,32.041666666666664,31.40833333333333,31.604166666666668,31.241666666666664,31.05,31.137500000000003,30.96666666666667,31.445833333333336,31.5,31.395833333333332,30.741666666666664,30.787499999999998,30.708333333333332,30.7625,30.791666666666668,30.679166666666664
2023-08-23,6.888333333333333,5.04375,11.859583333333333,2.749166666666667,1.4804166666666667,5.060416666666667,2220.371275,2686.285033333333,1574.2266541666668,1167.8756291666666,1064.8750375,3092.4695374999997,32.90416666666667,33.449999999999996,32.35,31.570833333333336,31.754166666666666,31.366666666666664,31.104166666666668,31.1875,31.004166666666666,31.479166666666668,31.52916666666667,31.400000000000002,30.804166666666664,30.8625,30.745833333333334,30.8125,30.866666666666664,30.75
2023-08-24,6.53625,4.946666666666666,11.788333333333334,2.7325,1.4595833333333335,4.9904166666666665,2213.9705708333336,2696.004775,1584.0839041666668,1160.9657458333334,1058.2487791666665,3123.3585083333332,31.604166666666668,31.95,31.224999999999998,30.97083333333333,31.108333333333334,30.8125,30.941666666666666,31.004166666666666,30.854166666666668,31.47083333333333,31.516666666666666,31.40416666666667,30.891666666666666,30.925,30.84583333333333,30.925,30.962500000000002,30.866666666666664
2023-08-25,6.28875,4.892083333333333,11.752916666666666,2.715,1.44125,4.925833333333333,2403.1783875,2748.2067625,1593.3185291666666,1157.5894458333335,1053.4126041666666,3149.5866291666666,34.237500000000004,34.7875,33.65,31.920833333333334,32.125,31.679166666666664,31.150000000000002,31.21666666666667,31.045833333333334,31.458333333333332,31.508333333333336,31.3625,30.7625,30.808333333333334,30.712500000000002,30.8,30.854166666666668,30.754166666666666
2023-08-26,8.659583333333334,5.3220833333333335,11.801666666666668,2.7325,1.4116666666666664,4.87875,2524.7163791666667,2714.9633,1595.1214208333333,1171.89505,1057.1755208333334,3177.823383333333,35.19583333333333,35.80833333333333,34.516666666666666,33.18333333333333,33.40833333333333,32.916666666666664,32.354166666666664,32.420833333333334,32.225,32.387499999999996,32.449999999999996,32.300000000000004,31.4375,31.479166666666668,31.370833333333334,31.229166666666668,31.258333333333336,31.166666666666668
2023-08-27,22.585416666666664,11.765416666666667,16.789166666666667,3.091666666666667,1.5908333333333333,5.6120833333333335,1645.3144958333332,1920.1877083333331,1537.0685083333335,1197.3636833333333,1097.6841541666665,3077.408645833333,30.366666666666664,30.883333333333336,29.837500000000002,30.849999999999998,31.09583333333333,30.583333333333332,31.266666666666666,31.395833333333332,31.125,32.016666666666666,32.0875,31.916666666666668,31.5,31.55,31.429166666666664,31.483333333333334,31.516666666666666,31.429166666666664
2023-08-28,25.39833333333333,15.150833333333333,22.243750000000002,5.017083333333333,2.7720833333333332,9.012500000000001,1516.948375,1555.4345041666666,1487.0061458333332,1450.6960583333332,1306.4365,2077.6888625,27.925,28.191666666666666,27.629166666666666,28.287499999999998,28.379166666666666,28.166666666666668,29.041666666666668,29.087500000000002,28.987499999999997,30.325,30.366666666666664,30.295833333333334,30.408333333333335,30.4375,30.36666666666667,30.866666666666664,30.895833333333332,30.8
2023-08-29,22.112083333333334,12.71375,19.953333333333333,4.674166666666667,2.5641666666666665,8.178749999999999,1584.4681583333333,1576.7889291666668,1502.4845750000002,1479.1773875,1285.4459083333334,2176.4053916666667,30.445833333333336,30.90416666666667,29.974999999999998,29.816666666666666,30.0125,29.608333333333334,29.641666666666666,29.712500000000002,29.537499999999998,30.295833333333334,30.3625,30.258333333333336,29.974999999999998,30.016666666666666,29.941666666666666,30.325,30.366666666666664,30.258333333333336
2023-08-30,24.54875,15.14875,21.626666666666665,4.923333333333333,2.763333333333333,8.68625,1588.4560458333333,1594.8987416666666,1495.2859583333332,1464.3553083333334,1322.0021333333332,2112.2968666666666,30.27916666666667,30.695833333333336,29.86666666666667,29.979166666666668,30.150000000000002,29.78333333333333,29.95,30.025000000000002,29.875,30.6375,30.691666666666666,30.566666666666666,30.183333333333334,30.21666666666667,30.162499999999998,30.379166666666666,30.416666666666668,30.329166666666666
2023-08-31,21.99208333333333,14.322916666666666,19.9675,4.772916666666666,2.6670833333333337,8.31625,1643.1683249999999,1595.6086541666666,1499.2000708333335,1487.2917,1318.3197083333332,2149.5768916666666,30.008333333333336,30.375,29.620833333333334,29.837500000000002,29.983333333333334,29.650000000000002,29.883333333333336,29.95,29.787499999999998,30.579166666666666,30.616666666666664,30.516666666666666,30.170833333333334,30.195833333333336,30.1375,30.375,30.40416666666667,30.308333333333334
2023-09-01,21.41333333333333,13.8225,19.608333333333334,4.6570833333333335,2.5854166666666667,7.935833333333334,1663.21245,1607.9197000000001,1509.5913166666667,1504.2707958333333,1322.9286916666667,2202.0961833333336,31.0125,31.454166666666666,30.5625,30.429166666666664,30.59166666666667,30.224999999999998,30.183333333333334,30.254166666666666,30.09166666666667,30.72083333333333,30.791666666666668,30.670833333333334,30.195833333333336,30.21666666666667,30.170833333333334,30.370833333333334,30.416666666666668,30.329166666666666
2023-09-02,26.079166666666666,15.949583333333335,21.089583333333334,4.8075,2.6579166666666665,7.832916666666667,1572.3496833333331,1621.1506208333333,1518.7510416666667,1512.5437291666667,1343.7024541666667,2222.8637375000003,29.745833333333334,30.15833333333333,29.304166666666664,29.916666666666668,30.079166666666666,29.72083333333333,30.09583333333333,30.166666666666668,29.9875,30.795833333333334,30.84583333333333,30.7375,30.329166666666666,30.358333333333334,30.291666666666668,30.5,30.541666666666668,30.445833333333336
2023-09-03,25.615416666666665,16.298750000000002,21.756249999999998,5.002083333333333,2.83,8.56625,1563.0772125,1607.5111041666667,1514.4284291666665,1488.4657666666665,1368.6881458333335,2127.8367375000003,29.020833333333332,29.391666666666666,28.650000000000002,29.09583333333333,29.241666666666664,28.933333333333334,29.3625,29.429166666666664,29.25,30.254166666666666,30.291666666666668,30.195833333333336,29.974999999999998,29.991666666666664,29.933333333333334,30.275000000000002,30.308333333333334,30.2
2023-09-04,24.855833333333333,15.932916666666666,21.566666666666666,5.022916666666666,2.81,8.55625,1588.5129625,1595.8807458333333,1513.8996833333333,1486.966475,1366.9403041666667,2126.1838958333333,29.837500000000002,30.270833333333332,29.349999999999998,29.5,29.675,29.266666666666666,29.454166666666666,29.537499999999998,29.34583333333333,30.170833333333334,30.21666666666667,30.099999999999998,29.804166666666664,29.849999999999998,29.775000000000002,30.09166666666667,30.125,30.02916666666667
2023-09-05,28.218333333333334,18.315833333333334,23.47,5.331666666666666,3.0558333333333336,9.237916666666667,1528.5204916666669,1581.2416375,1504.4624291666667,1466.0565916666667,1412.6732416666666,2046.6593166666664,28.795833333333334,29.175,28.38333333333333,28.900000000000002,29.083333333333332,28.7,29.175,29.254166666666666,29.099999999999998,30.058333333333334,30.104166666666668,30.008333333333336,29.77916666666667,29.787499999999998,29.741666666666664,30.070833333333336,30.09583333333333,30.008333333333336
2023-09-06,27.745,17.952916666666667,23.108333333333334,5.29875,3.0416666666666665,9.069166666666666,1540.6666666666667,1585.4040791666666,1507.0996333333333,1472.3403833333334,1420.5653375,2062.499033333333,30.2375,30.629166666666666,29.854166666666668,29.395833333333332,29.554166666666664,29.233333333333334,29.21666666666667,29.287499999999998,29.120833333333334,29.883333333333336,29.933333333333334,29.825,29.558333333333334,29.579166666666666,29.516666666666666,29.875,29.8875,29.825
2023-09-07,26.203333333333333,17.072916666666668,22.385416666666668,5.2425,2.9916666666666667,8.937083333333334,1556.8712958333333,1588.4632125,1515.4557416666667,1478.2706541666666,1426.2338458333334,2076.4518541666666,29.78333333333333,30.150000000000002,29.400000000000002,29.620833333333334,29.770833333333332,29.454166666666666,29.608333333333334,29.666666666666668,29.520833333333332,30.25,30.270833333333332,30.191666666666666,29.766666666666666,29.787499999999998,29.745833333333334,30.0,30.016666666666666,29.941666666666666
2023-09-08,22.45958333333333,15.385,21.296666666666667,5.0424999999999995,2.8304166666666664,8.460416666666667,1633.0398208333334,1593.9049583333333,1526.9873541666666,1502.6910416666667,1402.6539041666667,2137.4738583333333,30.587500000000002,30.97083333333333,30.183333333333334,29.9875,30.15416666666667,29.8125,29.78333333333333,29.849999999999998,29.7,30.383333333333336,30.416666666666668,30.304166666666664,29.875,29.895833333333332,29.833333333333332,30.03333333333333,30.066666666666666,29.962500000000002
2023-09-09,18.96125,14.231666666666667,20.711666666666666,4.8925,2.6966666666666668,8.05,1695.155075,1601.9381083333335,1536.2257541666668,1526.9301833333332,1393.0946291666667,2193.1629374999998,31.058333333333334,31.441666666666666,30.59166666666667,30.4375,30.59166666666667,30.254166666666666,30.21666666666667,30.270833333333332,30.133333333333336,30.733333333333334,30.758333333333336,30.662499999999998,30.15833333333333,30.179166666666664,30.1375,30.2375,30.28333333333333,30.166666666666668
2023-09-10,16.037499999999998,13.176666666666668,20.194166666666668,4.750416666666667,2.5662499999999997,7.732083333333333,1726.9592875,1602.9853375,1540.7254958333333,1540.8464666666666,1378.7963166666666,2237.7013041666664,30.1375,30.5125,29.754166666666666,30.058333333333334,30.179166666666664,29.912499999999998,30.145833333333332,30.195833333333336,30.083333333333332,30.825,30.854166666666668,30.745833333333334,30.3,30.325000000000003,30.270833333333332,30.400000000000002,30.433333333333334,30.34583333333333
2023-09-11,24.34166666666667,14.08,20.244583333333335,4.68375,2.5158333333333336,7.527916666666666,1581.3557708333335,1599.2239333333334,1544.8703875,1547.5955791666665,1372.801875,2276.1883958333333,28.883333333333336,29.2375,28.579166666666666,29.1875,29.3125,29.05,29.520833333333332,29.558333333333334,29.429166666666664,30.329166666666666,30.358333333333334,30.2625,29.991666666666664,30.020833333333332,29.962500000000002,30.266666666666666,30.3,30.21666666666667
2023-09-12,20.44333333333333,13.454166666666666,20.014166666666668,4.6175,2.48,7.362916666666667,1646.3888708333334,1598.8320208333334,1543.9462875,1537.6684333333333,1362.33745,2285.1977625,28.787499999999998,29.066666666666666,28.479166666666668,28.891666666666666,29.004166666666666,28.7625,29.150000000000002,29.175,29.083333333333332,29.979166666666668,30.016666666666666,29.945833333333336,29.708333333333332,29.729166666666668,29.666666666666668,30.016666666666666,30.03333333333333,29.991666666666664
2023-09-13,17.03291666666667,12.559583333333334,19.68375,4.52875,2.4250000000000003,7.238333333333333,1716.0195041666666,1610.4758375000001,1555.5091875,1527.229875,1353.4949416666666,2294.5651000000003,30.941666666666666,31.333333333333332,30.541666666666668,30.070833333333336,30.204166666666666,29.90833333333333,29.733333333333334,29.791666666666668,29.6375,30.224999999999998,30.266666666666666,30.166666666666668,29.71666666666667,29.724999999999998,29.704166666666666,29.96666666666667,29.9875,29.891666666666666
2023-09-14,14.139166666666666,11.488750000000001,19.31083333333333,4.460416666666667,2.3920833333333333,7.175833333333333,1742.3926416666666,1709.3655625000001,1567.6224041666667,1533.4062999999999,1356.97,2300.321475,30.974999999999998,31.337500000000002,30.59583333333333,30.433333333333334,30.570833333333336,30.27916666666667,30.229166666666668,30.295833333333334,30.145833333333332,30.7375,30.775000000000002,30.679166666666664,30.15416666666667,30.183333333333334,30.116666666666664,30.2375,30.27916666666667,30.15416666666667
2023-09-15,12.512083333333335,10.244583333333333,18.83458333333333,4.368333333333333,2.3745833333333333,7.1125,1748.3039958333331,1892.2185124999999,1578.0564791666666,1530.1875583333333,1376.1735374999998,2310.079366666667,30.7625,31.141666666666666,30.366666666666664,30.441666666666666,30.579166666666666,30.287499999999998,30.34166666666667,30.40416666666667,30.258333333333336,30.90833333333333,30.95,30.849999999999998,30.34583333333333,30.370833333333334,30.3125,30.420833333333334,30.445833333333336,30.362499999999997
2023-09-16,11.165,8.70875,18.068749999999998,4.257083333333333,2.32125,7.002083333333334,1931.4006458333333,2052.50075,1591.2540583333332,1518.4901499999999,1376.3334416666667,2323.0814583333336,31.645833333333332,32.0625,31.183333333333334,30.88333333333333,31.05,30.691666666666666,30.59583333333333,30.65416666666667,30.5125,31.045833333333334,31.120833333333334,30.974999999999998,30.458333333333332,30.495833333333334,30.40416666666667,30.525000000000002,30.575,30.479166666666668
2023-09-17,9.977916666666667,7.321666666666666,16.905416666666667,4.132083333333333,2.237083333333333,6.901666666666666,2152.3605833333336,2123.738804166667,1611.0212083333333,1530.6444958333334,1361.0240166666667,2343.9544083333335,31.741666666666664,32.166666666666664,31.3,31.09166666666667,31.25,30.904166666666665,30.858333333333334,30.9375,30.758333333333336,31.329166666666666,31.370833333333334,31.2625,30.754166666666666,30.791666666666668,30.6875,30.729166666666668,30.775000000000002,30.6875
2023-09-18,9.1775,6.423333333333333,15.449166666666668,3.966666666666667,2.1508333333333334,6.833749999999999,2265.5591416666666,2261.3835,1628.8816541666665,1506.5955666666666,1329.1728375,2368.8101416666664,31.708333333333332,32.12916666666667,31.254166666666666,31.112499999999997,31.258333333333336,30.941666666666666,30.962500000000002,31.025000000000002,30.900000000000002,31.458333333333332,31.504166666666666,31.395833333333332,30.900000000000002,30.929166666666664,30.84583333333333,30.916666666666668,30.941666666666666,30.84583333333333
2023-09-19,8.535416666666666,5.8308333333333335,14.182083333333333,3.74,2.0433333333333334,6.7425,2336.885254166667,2532.9224041666666,1632.5807458333331,1454.8135249999998,1296.6009999999999,2390.8188458333334,31.879166666666666,32.31666666666667,31.40833333333333,31.2,31.358333333333334,31.016666666666666,31.03333333333333,31.1125,30.929166666666664,31.558333333333334,31.6125,31.462500000000002,30.974999999999998,30.995833333333334,30.933333333333334,31.020833333333332,31.054166666666664,30.95
2023-09-20,8.007083333333332,5.418333333333333,13.40125,3.4812499999999997,1.9154166666666665,6.586666666666667,2404.8449,2726.010904166667,1632.1788458333333,1398.862675,1254.8104666666666,2441.6398791666666,32.824999999999996,33.27916666666667,32.395833333333336,31.75,31.900000000000002,31.587500000000002,31.379166666666666,31.45,31.27916666666667,31.775000000000002,31.825,31.708333333333332,31.175,31.212500000000002,31.125,31.15833333333333,31.191666666666666,31.09583333333333
2023-09-21,7.63375,5.166666666666667,12.955416666666666,3.2758333333333334,1.8083333333333333,6.420000000000001,2419.3341875,2831.74405,1632.34475,1354.1176416666667,1226.9602666666667,2544.2970083333335,32.75833333333333,33.13333333333333,32.32083333333333,31.875,32.012499999999996,31.733333333333334,31.65416666666667,31.7,31.558333333333334,32.06666666666667,32.104166666666664,32.00416666666667,31.441666666666666,31.474999999999998,31.391666666666666,31.416666666666668,31.44583333333333,31.34583333333333
2023-09-22,7.35125,4.972916666666666,12.627916666666666,3.1045833333333337,1.7045833333333331,6.22125,2424.1021291666666,2897.4816166666665,1632.4308875,1316.2124416666668,1191.5030708333334,2677.6371916666667,32.69583333333333,33.15833333333333,32.233333333333334,31.9375,32.0875,31.745833333333334,31.7,31.762500000000003,31.616666666666664,32.1625,32.204166666666666,32.09583333333333,31.575,31.616666666666664,31.516666666666666,31.558333333333334,31.59166666666667,31.504166666666666
2023-09-23,7.1000000000000005,4.8062499999999995,12.347499999999998,2.967916666666667,1.60125,6.005416666666666,2421.135333333333,2929.9410625,1632.3932541666666,1284.2599333333333,1148.9581041666668,2814.3732375,32.5625,32.99166666666667,32.12083333333333,31.875,31.995833333333334,31.7,31.720833333333335,31.795833333333334,31.633333333333336,32.21666666666667,32.266666666666666,32.15833333333333,31.650000000000002,31.6875,31.599999999999998,31.6875,31.704166666666666,31.629166666666666
2023-09-24,6.903333333333333,4.677083333333333,12.125833333333333,2.872916666666667,1.5270833333333333,5.80375,2417.2584666666667,2930.619533333333,1637.3676875,1263.5267000000001,1138.5536208333333,2935.3607833333335,32.6625,33.104166666666664,32.199999999999996,31.8125,31.97083333333333,31.650000000000002,31.691666666666666,31.758333333333336,31.608333333333334,32.2125,32.262499999999996,32.1625,31.650000000000002,31.7,31.620833333333334,31.724999999999998,31.7375,31.65833333333333
2023-09-25,8.29875,4.6762500000000005,12.130833333333333,2.828333333333333,1.4858333333333331,5.69125,2134.4647291666665,2936.426675,1643.3347833333335,1252.2521541666667,1137.8820083333333,3023.1958,30.662499999999998,31.025000000000002,30.28333333333333,31.058333333333334,31.191666666666666,30.883333333333336,31.375,31.429166666666664,31.295833333333334,32.0875,32.12916666666667,32.020833333333336,31.629166666666666,31.683333333333334,31.59583333333333,31.77916666666667,31.816666666666666,31.729166666666668
2023-09-26,8.385833333333332,4.69125,12.092083333333333,2.793333333333333,1.4558333333333333,5.5929166666666665,2174.262741666667,2907.2329583333335,1645.7820083333334,1237.5958125,1132.1873041666665,3078.4137208333336,30.945833333333336,31.295833333333334,30.554166666666664,30.7,30.829166666666666,30.558333333333334,30.879166666666666,30.9375,30.808333333333334,31.625,31.691666666666666,31.554166666666664,31.266666666666666,31.3,31.22083333333333,31.5125,31.55,31.462500000000002
2023-09-27,7.847916666666666,4.620833333333334,11.967916666666667,2.7424999999999997,1.4191666666666665,5.44125,2281.9217583333334,2885.0344,1664.2737291666665,1230.9858958333332,1120.6106625,3145.7100291666666,31.612499999999997,31.979166666666668,31.224999999999998,31.120833333333334,31.241666666666664,30.974999999999998,31.104166666666668,31.179166666666664,31.02916666666667,31.724999999999998,31.770833333333332,31.662499999999998,31.266666666666666,31.320833333333336,31.22083333333333,31.474999999999998,31.4875,31.40416666666667
2023-09-28,7.461666666666666,4.557916666666666,11.835,2.703333333333333,1.3933333333333333,5.325833333333333,2308.0312041666666,2833.5255291666667,1686.349625,1226.4484166666666,1111.9798166666667,3209.9373250000003,31.016666666666666,31.38333333333333,30.616666666666664,30.854166666666668,30.954166666666666,30.745833333333334,31.058333333333334,31.108333333333334,31.0,31.770833333333332,31.795833333333334,31.7,31.3125,31.3625,31.27916666666667,31.4875,31.5125,31.429166666666664
2023-09-29,7.2004166666666665,4.50125,11.708333333333334,2.68,1.3691666666666666,5.195,2352.0700416666664,2812.0472416666667,1714.5089333333333,1221.4733666666666,1103.0436708333334,3281.755004166667,32.00416666666667,32.375,31.616666666666664,31.3,31.416666666666668,31.150000000000002,31.22083333333333,31.254166666666666,31.150000000000002,31.8,31.829166666666666,31.7375,31.28333333333333,31.333333333333332,31.245833333333334,31.474999999999998,31.508333333333336,31.416666666666668
2023-09-30,7.53125,4.48375,11.6625,2.6666666666666665,1.3487500000000001,5.076666666666667,2250.0350583333334,2792.066675,1726.946925,1230.9196916666667,1098.4070541666667,3335.916916666667,30.5,30.833333333333332,30.162499999999998,30.724999999999998,30.825,30.599999999999998,31.05,31.1125,30.983333333333334,31.78333333333333,31.825,31.72083333333333,31.349999999999998,31.383333333333336,31.3125,31.516666666666666,31.558333333333334,31.458333333333332
2023-10-01,7.487916666666667,4.451666666666667,11.554583333333333,2.6366666666666667,1.33,4.947500000000001,2285.5124875,2761.6643249999997,1743.3961375,1236.4317083333333,1090.2942125,3385.9352041666666,31.316666666666666,31.65416666666667,30.95,30.820833333333336,30.962500000000002,30.666666666666668,30.883333333333336,30.945833333333336,30.820833333333336,31.583333333333332,31.620833333333334,31.5125,31.162499999999998,31.208333333333332,31.125,31.391666666666666,31.429166666666664,31.333333333333332
2023-10-02,7.17625,4.392916666666667,11.4425,2.6041666666666665,1.3079166666666666,4.819166666666667,2336.876408333333,2749.3464541666667,1767.0440666666666,1244.5697833333334,1092.7750125,3452.4008875,31.945833333333336,32.27916666666667,31.579166666666666,31.4375,31.5625,31.316666666666666,31.358333333333334,31.391666666666666,31.27916666666667,31.883333333333336,31.9375,31.837500000000002,31.34583333333333,31.395833333333332,31.304166666666664,31.495833333333334,31.520833333333332,31.4375
2023-10-03,7.127916666666667,4.3575,11.366666666666667,2.591666666666667,1.29125,4.701666666666667,2296.8211791666668,2723.0644125,1783.980204166667,1268.4879375,1090.6865833333334,3496.6587583333335,30.875,31.183333333333334,30.537499999999998,31.150000000000002,31.27916666666667,31.0,31.366666666666664,31.429166666666664,31.304166666666664,32.016666666666666,32.05833333333333,31.9375,31.5125,31.55,31.491666666666664,31.645833333333332,31.679166666666664,31.583333333333332
2023-10-04,12.539583333333333,8.339166666666666,15.255416666666667,3.7929166666666667,1.96125,7.515833333333333,2100.2070833333332,2468.5376666666666,1745.1123,1266.7067125,1185.5275333333334,3172.287216666667,30.079166666666666,30.53333333333333,29.629166666666666,30.099999999999998,30.287499999999998,29.833333333333332,30.608333333333334,30.7,30.425,31.52916666666667,31.6125,31.40833333333333,31.191666666666666,31.270833333333332,31.083333333333332,31.40416666666667,31.5,31.270833333333332
2023-10-05,27.67958333333333,19.67833333333333,27.19666666666667,6.925833333333333,3.6300000000000003,11.700833333333334,1543.937075,1567.8307333333332,1503.8672791666668,1341.6369166666666,1510.029925,1763.2920791666666,29.15416666666667,29.379166666666666,28.895833333333332,29.141666666666666,29.245833333333334,29.025000000000002,29.620833333333334,29.662499999999998,29.545833333333334,30.71666666666667,30.7625,30.65416666666667,30.662499999999998,30.695833333333336,30.59583333333333,31.129166666666666,31.145833333333332,31.075
2023-10-06,24.104583333333334,16.425416666666667,24.430000000000003,6.264583333333333,3.3008333333333333,10.402916666666668,1601.0614041666668,1590.7569833333334,1546.0960583333333,1435.1766583333335,1477.2764541666666,1939.1955,29.974999999999998,30.208333333333332,29.75,30.1125,30.224999999999998,30.004166666666666,30.3125,30.358333333333334,30.2375,31.070833333333336,31.116666666666664,30.995833333333334,30.71666666666667,30.745833333333334,30.666666666666668,31.02916666666667,31.05416666666667,30.991666666666664
2023-10-07,27.42,19.262916666666666,27.001666666666665,6.781666666666666,3.5975,11.257083333333334,1544.5550875,1581.636475,1511.3044499999999,1350.8076833333332,1510.0110583333333,1790.1481625,29.7375,29.9375,29.520833333333332,29.933333333333334,30.020833333333332,29.816666666666666,30.25,30.287499999999998,30.179166666666664,31.070833333333336,31.125,31.0,30.737499999999997,30.78333333333333,30.6875,31.054166666666664,31.09166666666667,31.004166666666666
2023-10-08,25.06958333333333,16.881666666666664,24.794166666666666,6.283333333333334,3.3658333333333332,10.592083333333333,1574.0092708333332,1591.8933875,1541.3306791666666,1413.8399291666667,1483.0976791666665,1905.3421958333336,29.870833333333334,30.004166666666666,29.675,30.03333333333333,30.116666666666664,29.925,30.28333333333333,30.308333333333334,30.21666666666667,31.037499999999998,31.087500000000002,31.0,30.695833333333336,30.729166666666668,30.641666666666666,30.958333333333332,31.004166666666666,30.904166666666665
2023-10-09,25.581666666666667,17.75166666666667,25.618750000000002,6.439583333333334,3.4116666666666666,10.74375,1578.0081958333333,1583.3352833333336,1539.0784458333335,1408.2882291666667,1486.5297208333334,1881.9415416666668,29.3125,29.516666666666666,29.054166666666664,29.837500000000002,29.925,29.741666666666664,30.245833333333334,30.270833333333332,30.183333333333334,31.054166666666664,31.116666666666664,30.991666666666664,30.6875,30.712500000000002,30.625,30.945833333333336,30.97083333333333,30.8875
2023-10-10,27.30333333333333,18.776666666666667,26.15416666666667,6.535833333333334,3.5308333333333333,11.087916666666667,1529.8777458333334,1584.4192249999999,1517.9138541666669,1345.7601666666667,1498.4766333333334,1817.231925,28.837500000000002,29.008333333333336,28.65833333333333,29.175,29.241666666666664,29.083333333333332,29.620833333333334,29.65416666666667,29.570833333333336,30.59583333333333,30.633333333333336,30.55,30.412499999999998,30.441666666666666,30.354166666666668,30.775000000000002,30.825,30.72083333333333
2023-10-11,24.4025,16.84125,24.840833333333332,6.28375,3.37625,10.686666666666667,1584.4323041666667,1591.8144333333332,1537.4373416666667,1396.1578833333333,1478.6811625,1889.8425375,29.28333333333333,29.462500000000002,29.09166666666667,29.462500000000002,29.52916666666667,29.379166666666666,29.712500000000002,29.7375,29.650000000000002,30.52916666666667,30.566666666666666,30.483333333333334,30.241666666666664,30.266666666666666,30.195833333333336,30.566666666666666,30.6125,30.508333333333336
2023-10-12,22.345,15.831249999999999,24.22875,6.130833333333334,3.2641666666666667,10.316666666666666,1613.3277083333332,1589.3068999999998,1546.1829500000001,1442.4392916666666,1465.0391541666668,1951.1882458333332,28.59583333333333,28.745833333333334,28.4375,29.09166666666667,29.15833333333333,29.004166666666666,29.504166666666666,29.516666666666666,29.458333333333332,30.441666666666666,30.46666666666667,30.3875,30.191666666666666,30.208333333333332,30.15416666666667,30.541666666666668,30.570833333333336,30.479166666666668
2023-10-13,20.385,14.855416666666665,23.75583333333333,5.989166666666667,3.1641666666666666,10.005,1653.0846958333334,1592.2046333333335,1553.8966833333334,1485.4011166666667,1461.1537416666667,2000.2522333333334,29.133333333333336,29.304166666666664,28.941666666666666,29.212500000000002,29.266666666666666,29.120833333333334,29.425,29.45,29.3625,30.2375,30.2625,30.208333333333332,29.991666666666664,30.008333333333336,29.958333333333332,30.329166666666666,30.370833333333334,30.28333333333333
2023-10-14,21.4375,15.876666666666667,24.791666666666668,6.190416666666667,3.2608333333333337,10.5625,1636.4588875,1580.4345999999998,1543.9664249999998,1478.3717166666665,1485.6667708333334,1961.8569875,28.641666666666666,28.804166666666664,28.47083333333333,29.150000000000002,29.208333333333332,29.058333333333334,29.558333333333334,29.599999999999998,29.52916666666667,30.429166666666664,30.458333333333332,30.379166666666666,30.11666666666667,30.1375,30.087500000000002,30.412499999999998,30.454166666666666,30.379166666666666
2023-10-15,28.602500000000003,20.629166666666666,27.812916666666666,7.048333333333333,4.1379166666666665,12.330416666666666,1515.6070791666668,1553.5236916666665,1510.3026833333333,1351.6481,1542.6291166666667,1792.1509374999998,28.212500000000002,28.391666666666666,27.97083333333333,28.579166666666666,28.662499999999998,28.445833333333336,29.116666666666664,29.179166666666664,29.041666666666668,30.083333333333332,30.150000000000002,30.016666666666666,29.866666666666664,29.90833333333333,29.795833333333334,30.21666666666667,30.275000000000002,30.125
2023-10-16,28.821250000000003,20.58375,27.332083333333333,6.767083333333333,3.6783333333333332,11.847916666666668,1496.1239833333332,1553.2439583333335,1481.3375083333333,1352.9827583333333,1554.3240166666667,1729.7473791666669,27.133333333333336,27.224999999999998,27.02916666666667,27.875,27.90833333333333,27.816666666666666,28.537499999999998,28.566666666666666,28.491666666666664,29.708333333333332,29.720833333333335,29.650000000000002,29.645833333333332,29.65416666666667,29.604166666666668,30.075,30.1125,30.020833333333332
2023-10-17,26.306250000000002,18.18625,25.675833333333333,6.550416666666667,3.5087499999999996,11.380833333333333,1516.6211375,1558.7513791666668,1502.9754583333333,1372.4869208333332,1529.3975708333335,1813.3112791666665,26.433333333333334,26.583333333333332,26.291666666666668,27.208333333333332,27.266666666666666,27.145833333333332,27.891666666666666,27.912499999999998,27.858333333333334,29.066666666666666,29.09166666666667,29.008333333333336,29.079166666666666,29.104166666666668,29.025000000000002,29.670833333333334,29.679166666666664,29.608333333333334
2023-10-18,24.284166666666664,17.047916666666666,25.03708333333333,6.420000000000001,3.4137500000000003,11.032916666666667,1554.6260666666667,1563.8404416666665,1513.516525,1407.43145,1514.8923291666667,1881.6244291666665,26.491666666666664,26.675,26.304166666666664,26.958333333333332,27.016666666666666,26.866666666666664,27.479166666666668,27.5,27.441666666666666,28.59583333333333,28.629166666666666,28.52916666666667,28.59583333333333,28.625,28.575,29.24166666666667,29.254166666666666,29.204166666666666
2023-10-19,22.465833333333336,16.27,24.599166666666665,6.298749999999999,3.34125,10.699166666666665,1583.3624666666667,1561.5859541666666,1518.2870041666665,1439.4503458333331,1502.9867333333332,1942.8718666666666,26.266666666666666,26.400000000000002,26.075,26.833333333333332,26.8875,26.741666666666664,27.354166666666668,27.379166666666666,27.316666666666666,28.454166666666666,28.483333333333334,28.395833333333332,28.400000000000002,28.441666666666666,28.379166666666666,28.9875,29.004166666666666,28.96666666666667
2023-10-20,20.949583333333333,15.654166666666667,24.302916666666665,6.19625,3.2754166666666666,10.445833333333333,1618.7019041666665,1568.0085958333332,1524.0488416666667,1465.4223708333332,1492.3047958333334,1987.4986875000002,26.77916666666667,26.9375,26.6125,26.983333333333334,27.05,26.8875,27.291666666666668,27.316666666666666,27.241666666666664,28.3,28.333333333333332,28.241666666666664,28.212500000000002,28.241666666666664,28.183333333333334,28.787499999999998,28.791666666666668,28.758333333333336
2023-10-21,19.36583333333333,14.970833333333333,24.04125,6.072500000000001,3.1995833333333334,10.229166666666666,1653.4782833333331,1574.830025,1534.1190958333334,1493.9945833333334,1480.0247458333333,2024.2366666666667,27.066666666666666,27.233333333333334,26.84583333333333,27.291666666666668,27.34583333333333,27.22083333333333,27.52916666666667,27.575,27.508333333333336,28.458333333333332,28.479166666666668,28.412499999999998,28.27916666666667,28.3,28.245833333333334,28.733333333333334,28.75,28.7
2023-10-22,17.404166666666665,13.937916666666666,23.730833333333333,5.914166666666667,3.10875,9.995416666666666,1695.3020999999999,1585.9196249999998,1545.8407791666666,1529.5454833333333,1467.8268375,2067.152145833333,27.604166666666668,27.820833333333336,27.391666666666666,27.59583333333333,27.695833333333336,27.495833333333334,27.7375,27.791666666666668,27.683333333333334,28.570833333333336,28.6125,28.520833333333332,28.333333333333332,28.354166666666668,28.295833333333334,28.745833333333334,28.758333333333336,28.704166666666666
2023-10-23,15.739166666666668,12.81,23.262083333333333,5.749583333333334,3.0141666666666667,9.764166666666666,1718.8987708333334,1589.2442583333334,1557.2319875,1563.8013541666667,1457.7050416666668,2108.08135,27.75,27.9375,27.53333333333333,27.820833333333336,27.895833333333332,27.733333333333334,27.96666666666667,27.991666666666664,27.925,28.77916666666667,28.791666666666668,28.708333333333332,28.483333333333334,28.520833333333332,28.462500000000002,28.866666666666664,28.88333333333333,28.816666666666666
2023-10-24,14.65125,11.599166666666667,22.696250000000003,5.57375,2.9450000000000003,9.571666666666667,1730.1871833333335,1667.7485916666667,1571.6597875,1603.2928958333332,1449.477475,2146.3347333333336,28.045833333333334,28.224999999999998,27.837500000000002,27.9875,28.075,27.895833333333332,28.087500000000002,28.129166666666666,28.045833333333334,28.875,28.900000000000002,28.829166666666666,28.55,28.575,28.516666666666666,28.895833333333332,28.899999999999995,28.849999999999998
2023-10-25,14.033333333333333,10.437083333333334,22.02541666666667,5.374583333333334,2.8695833333333334,9.38,1732.5120458333333,1794.7465583333333,1598.2759166666667,1620.8333333333333,1457.1783208333334,2177.4209833333334,28.083333333333332,28.224999999999998,27.900000000000002,28.21666666666667,28.27916666666667,28.141666666666666,28.3125,28.354166666666668,28.266666666666666,29.058333333333334,29.075,29.02916666666667,28.71666666666667,28.7375,28.67916666666667,28.991666666666664,29.02916666666667,28.933333333333334
2023-10-26,13.601666666666667,9.424583333333333,21.187083333333334,5.17375,2.8008333333333333,9.18625,1725.516025,1868.6907083333333,1613.9487374999999,1648.9772375,1479.5314583333331,2203.0528708333336,27.8875,28.02916666666667,27.704166666666666,28.03333333333333,28.099999999999998,27.95,28.212500000000002,28.2375,28.170833333333334,29.0125,29.03333333333333,28.983333333333334,28.700000000000003,28.7375,28.67916666666667,29.03333333333333,29.05416666666667,28.991666666666664
2023-10-27,13.239166666666668,8.578333333333333,20.175833333333333,4.956666666666666,2.71625,9.00375,1722.2077625,1901.4254208333332,1632.5195416666666,1688.7458666666669,1471.2634875,2223.735325,27.808333333333334,28.0,27.608333333333334,27.979166666666668,28.03333333333333,27.900000000000002,28.133333333333336,28.183333333333334,28.104166666666668,28.979166666666668,28.995833333333334,28.933333333333334,28.675,28.712500000000002,28.637500000000003,28.995833333333334,29.025000000000002,28.958333333333332
2023-10-28,13.03125,7.9937499999999995,19.197083333333335,4.742083333333333,2.64,8.820416666666667,1709.1541791666666,1905.6186791666667,1645.5801958333334,1698.2074791666666,1469.9996791666665,2241.6723666666667,27.1875,27.337500000000002,27.004166666666666,27.575,27.650000000000002,27.474999999999998,27.8875,27.929166666666664,27.858333333333334,28.820833333333336,28.84166666666667,28.7625,28.566666666666666,28.579166666666666,28.52916666666667,28.97083333333333,28.979166666666668,28.925
2023-10-29,12.900833333333333,7.7129166666666675,18.444166666666664,4.577916666666667,2.5820833333333333,8.67125,1698.0947458333333,1894.709,1652.7529541666665,1680.1958208333333,1464.8077458333335,2253.4426,26.666666666666668,26.77916666666667,26.55,27.129166666666666,27.15416666666667,27.066666666666666,27.53333333333333,27.566666666666666,27.5,28.52916666666667,28.55,28.483333333333334,28.32083333333333,28.34583333333333,28.299999999999997,28.787499999999998,28.804166666666664,28.7625
2023-10-30,12.664583333333333,7.3875,17.52208333333333,4.350416666666667,2.4891666666666667,8.462916666666667,1698.8218833333333,1890.205,1659.5643208333333,1633.6391833333334,1444.1480291666667,2270.983975,27.104166666666668,27.2625,26.912499999999998,27.28333333333333,27.34166666666667,27.2,27.504166666666666,27.541666666666668,27.458333333333332,28.379166666666666,28.412499999999998,28.325,28.150000000000002,28.166666666666668,28.116666666666664,28.583333333333332,28.608333333333334,28.558333333333334
2023-10-31,15.6975,7.235416666666667,17.065,4.235416666666667,2.4404166666666667,8.369166666666667,1629.8306291666668,1875.8735916666667,1662.7381208333334,1613.2574833333335,1434.9844291666666,2282.0492791666666,25.425,25.483333333333334,25.337500000000002,26.395833333333332,26.416666666666668,26.358333333333334,27.104166666666668,27.120833333333334,27.070833333333336,28.208333333333332,28.233333333333334,28.170833333333334,28.075,28.09166666666667,28.045833333333334,28.541666666666668,28.579166666666666,28.504166666666666
2023-11-01,24.227083333333336,7.721666666666667,17.06833333333333,4.246666666666667,2.4587499999999998,8.425833333333333,1542.8912166666667,1791.9772583333333,1653.6018333333334,1610.6683958333333,1430.154125,2268.271375,24.72083333333333,24.8125,24.625,25.379166666666666,25.420833333333334,25.320833333333336,26.15416666666667,26.175,26.116666666666664,27.412499999999998,27.429166666666664,27.34583333333333,27.416666666666668,27.441666666666666,27.379166666666666,28.079166666666666,28.104166666666668,28.054166666666664
2023-11-02,23.673333333333332,8.312083333333334,17.039166666666667,4.227083333333334,2.4562500000000003,8.442916666666667,1546.6790791666665,1720.3107208333333,1650.0252625,1604.7719625,1424.9369125,2276.6971708333335,24.587500000000002,24.650000000000002,24.491666666666664,25.15416666666667,25.183333333333334,25.108333333333334,25.816666666666666,25.833333333333332,25.795833333333334,27.054166666666664,27.087500000000002,27.02916666666667,27.0,27.0125,26.9875,27.71666666666667,27.729166666666668,27.65833333333333
2023-11-03,26.430833333333336,12.634166666666667,17.214166666666667,4.214166666666666,2.4583333333333335,8.452083333333333,1506.1651958333332,1434.2908,1646.1686499999998,1596.0464333333332,1423.3634583333333,2285.2265708333334,24.358333333333334,24.395833333333332,24.275000000000002,24.900000000000002,24.933333333333334,24.870833333333334,25.570833333333336,25.599999999999998,25.520833333333332,26.820833333333336,26.858333333333334,26.770833333333332,26.75833333333333,26.787499999999998,26.7375,27.445833333333336,27.474999999999998,27.395833333333332
2023-11-04,25.571250000000003,13.389583333333334,17.8625,4.200833333333333,2.4575,8.432083333333333,1519.9425333333331,1439.8167375,1630.3928958333333,1576.0829708333333,1417.5582375000001,2285.8433416666667,24.616666666666664,24.679166666666664,24.520833333333332,24.925,24.95,24.8625,25.433333333333334,25.45,25.366666666666664,26.599999999999998,26.629166666666666,26.545833333333334,26.52916666666667,26.541666666666668,26.491666666666664,27.21666666666667,27.25,27.15416666666667
2023-11-05,27.333333333333332,15.20875,19.27625,4.398750000000001,2.4825,8.432083333333333,1502.9631416666668,1455.3311875,1617.4803458333333,1547.8992291666666,1420.0596291666668,2288.6872416666665,25.570833333333336,25.670833333333334,25.433333333333334,25.541666666666668,25.59583333333333,25.483333333333334,25.795833333333334,25.816666666666666,25.741666666666664,26.770833333333332,26.816666666666666,26.724999999999998,26.537499999999998,26.558333333333334,26.53333333333333,27.15416666666667,27.1875,27.087500000000002
2023-11-06,29.038749999999997,19.85625,27.9075,6.847916666666666,3.6162500000000004,11.143333333333333,1497.0577666666668,1514.8055333333334,1504.5626916666668,1337.6205333333335,1584.1208833333333,1846.5817166666666,26.066666666666666,26.204166666666666,25.912499999999998,25.974999999999998,26.03333333333333,25.916666666666668,26.133333333333336,26.170833333333334,26.087500000000002,27.041666666666668,27.070833333333336,26.983333333333334,26.733333333333334,26.754166666666666,26.72083333333333,27.224999999999998,27.266666666666666,27.175
2023-11-07,29.241666666666664,19.668333333333333,27.824583333333333,6.797083333333333,3.6649999999999996,11.335,1518.472075,1516.214,1498.4084041666665,1330.4884041666667,1587.3224458333334,1811.8261041666667,25.883333333333336,25.97083333333333,25.770833333333332,26.075,26.083333333333332,26.016666666666666,26.3,26.308333333333334,26.258333333333336,27.229166666666668,27.258333333333336,27.1875,26.912499999999998,26.9375,26.891666666666666,27.375,27.391666666666666,27.308333333333334
2023-11-08,28.689166666666665,19.29041666666667,27.484166666666667,6.682083333333334,3.68,11.287916666666666,1530.2238916666665,1538.3332958333333,1495.0055791666666,1330.6116416666666,1586.3441833333334,1816.4720583333335,25.754166666666666,25.858333333333334,25.633333333333336,25.929166666666664,25.983333333333334,25.849999999999998,26.191666666666666,26.208333333333332,26.15833333333333,27.150000000000002,27.183333333333334,27.108333333333334,26.875,26.916666666666668,26.841666666666665,27.370833333333334,27.391666666666666,27.3125
2023-11-09,26.761666666666667,17.7725,26.041666666666668,6.3500000000000005,3.59125,10.887083333333335,1566.86305,1554.5605958333333,1518.1970583333332,1383.4352374999999,1573.4338416666667,1890.5068541666667,26.791666666666668,27.0,26.5625,26.4875,26.5625,26.3875,26.4875,26.520833333333332,26.40416666666667,27.28333333333333,27.3125,27.21666666666667,26.904166666666665,26.929166666666664,26.88333333333333,27.38333333333333,27.412499999999998,27.308333333333334
2023-11-10,24.695833333333336,16.52125,25.057083333333335,6.139583333333333,3.4933333333333336,10.53,1615.0011833333335,1559.3281833333333,1536.2721625000001,1426.0900958333332,1563.90755,1960.4235291666666,26.858333333333334,27.075,26.620833333333334,26.7,26.775000000000002,26.604166666666668,26.754166666666666,26.775000000000002,26.708333333333332,27.5625,27.604166666666668,27.520833333333332,27.1875,27.212500000000002,27.137500000000003,27.55416666666667,27.587500000000002,27.495833333333334
2023-11-11,24.713333333333335,16.33458333333333,24.749166666666667,5.993333333333333,3.4033333333333338,10.267083333333334,1629.1139249999999,1561.4207833333332,1545.517975,1453.1796083333331,1554.8413041666665,2015.22765,26.920833333333334,27.09583333333333,26.741666666666664,26.891666666666666,26.958333333333332,26.804166666666664,26.974999999999998,27.008333333333336,26.929166666666664,27.7625,27.791666666666668,27.695833333333336,27.3875,27.420833333333334,27.34166666666667,27.724999999999998,27.770833333333332,27.69583333333333
2023-11-12,27.98375,18.235833333333336,26.218333333333334,6.205416666666667,3.4941666666666666,10.197916666666666,1569.9150375,1580.4618666666665,1525.1064416666668,1402.8389166666666,1565.6677124999999,2031.6843666666666,27.099999999999998,27.2625,26.879166666666666,27.037499999999998,27.108333333333334,26.962500000000002,27.083333333333332,27.116666666666664,27.037499999999998,27.866666666666664,27.891666666666666,27.791666666666668,27.520833333333332,27.541666666666668,27.483333333333334,27.833333333333332,27.870833333333334,27.775000000000002
2023-11-13,26.63208333333333,17.027083333333334,25.197916666666668,6.100416666666667,3.4600000000000004,10.185833333333333,1598.8718333333334,1587.4076791666666,1536.9627458333334,1418.168675,1561.2151999999999,2032.0222375,27.21666666666667,27.40833333333333,26.9875,27.05,27.120833333333334,26.962500000000002,27.1125,27.15833333333333,27.054166666666664,27.895833333333332,27.933333333333334,27.829166666666666,27.5625,27.587500000000002,27.516666666666666,27.879166666666666,27.916666666666668,27.854166666666668
2023-11-14,25.445833333333336,16.237916666666667,24.611666666666665,5.98,3.3845833333333335,10.06875,1627.0989625,1587.9361083333333,1544.9053458333335,1435.4991291666665,1546.4289958333331,2053.860166666667,27.09166666666667,27.22083333333333,26.929166666666664,27.120833333333334,27.175,27.03333333333333,27.22083333333333,27.241666666666664,27.179166666666664,28.016666666666666,28.041666666666668,27.941666666666666,27.6875,27.708333333333332,27.65416666666667,27.983333333333334,28.016666666666666,27.916666666666668
2023-11-15,25.725416666666664,15.895000000000001,24.27125,5.8812500000000005,3.3216666666666668,9.96125,1614.6244,1582.8593166666667,1548.5567791666665,1445.7104916666667,1530.2257083333334,2073.6204583333333,26.587500000000002,26.729166666666668,26.420833333333334,26.754166666666666,26.808333333333334,26.670833333333334,27.02916666666667,27.05,26.96666666666667,27.900000000000002,27.941666666666666,27.849999999999998,27.666666666666668,27.666666666666668,27.633333333333336,28.004166666666666,28.02916666666667,27.95
2023-11-16,24.277916666666666,15.415833333333333,23.992499999999996,5.794583333333333,3.265,9.830416666666666,1649.644875,1578.9653291666666,1549.7045125000002,1453.4793333333334,1517.3364583333332,2091.261591666667,26.754166666666666,26.925,26.554166666666664,26.770833333333332,26.84166666666667,26.695833333333336,26.912499999999998,26.95,26.870833333333334,27.795833333333334,27.833333333333332,27.741666666666664,27.520833333333332,27.537499999999998,27.504166666666666,27.916666666666668,27.958333333333332,27.875
2023-11-17,22.16208333333333,14.695,23.67125,5.69125,3.1979166666666665,9.684166666666666,1688.8646708333333,1573.8810541666664,1551.9669958333334,1464.04025,1487.4919,2121.1541833333335,26.27916666666667,26.474999999999998,26.0625,26.454166666666666,26.545833333333334,26.34166666666667,26.712500000000002,26.758333333333336,26.662499999999998,27.679166666666664,27.712500000000002,27.599999999999998,27.420833333333334,27.433333333333334,27.379166666666666,27.837500000000002,27.8625,27.808333333333334
2023-11-18,20.210416666666667,14.014166666666668,23.393333333333334,5.597083333333333,3.1320833333333336,9.543750000000001,1714.7318750000002,1567.7312625000002,1553.9845458333332,1478.3489041666664,1453.8625791666666,2146.9666208333333,25.775000000000002,25.941666666666666,25.6125,26.208333333333332,26.266666666666666,26.125,26.554166666666664,26.59166666666667,26.5125,27.55,27.583333333333332,27.5,27.295833333333334,27.34166666666667,27.258333333333336,27.766666666666666,27.816666666666666,27.729166666666668
2023-11-19,18.349999999999998,13.242916666666666,23.152916666666666,5.5075,3.079166666666667,9.3975,1738.2640875,1560.9933208333334,1555.5798333333332,1489.4495041666667,1450.6524416666668,2170.2029374999997,25.6375,25.849999999999998,25.40416666666667,25.808333333333334,25.895833333333332,25.708333333333332,26.162499999999998,26.191666666666666,26.09166666666667,27.204166666666666,27.241666666666664,27.145833333333332,27.041666666666668,27.070833333333336,26.991666666666664,27.5625,27.59166666666667,27.504166666666666
2023-11-20,16.52875,12.352916666666667,23.02916666666667,5.405,3.0204166666666663,9.259166666666667,1762.3071541666668,1576.8701250000001,1555.5203958333334,1509.3358833333334,1454.8626083333336,2198.7064541666664,26.041666666666668,26.275000000000002,25.787499999999998,26.054166666666664,26.1375,25.945833333333336,26.270833333333332,26.3125,26.204166666666666,27.212500000000002,27.254166666666666,27.170833333333334,26.96666666666667,26.995833333333334,26.925,27.458333333333332,27.495833333333334,27.40833333333333
2023-11-21,15.156666666666666,11.265833333333333,22.557916666666667,5.2975,2.9479166666666665,9.13875,1771.4766958333332,1676.2283958333335,1561.6288416666666,1532.4665291666668,1452.3633291666665,2221.027216666667,26.575,26.8,26.333333333333332,26.47083333333333,26.5625,26.3625,26.570833333333336,26.599999999999998,26.516666666666666,27.425,27.454166666666666,27.358333333333334,27.054166666666664,27.075,27.02916666666667,27.479166666666668,27.53333333333333,27.441666666666666
2023-11-22,14.379583333333334,10.446666666666667,22.08,5.199166666666667,2.893333333333333,9.0375,1756.52165,1784.7501708333332,1568.2495666666666,1550.0737583333332,1454.0406,2238.190095833333,26.045833333333334,26.141666666666666,25.912499999999998,26.349999999999998,26.395833333333332,26.275000000000002,26.608333333333334,26.633333333333336,26.583333333333332,27.541666666666668,27.570833333333336,27.479166666666668,27.195833333333336,27.21666666666667,27.170833333333334,27.575000000000003,27.604166666666668,27.516666666666666
2023-11-23,13.842083333333333,9.584583333333333,21.53125,5.1000000000000005,2.84625,8.904583333333333,1750.583825,1864.6122333333333,1581.3637875000002,1568.9708833333334,1457.2351208333332,2261.4216625,26.337500000000002,26.508333333333336,26.1125,26.325,26.375,26.2375,26.483333333333334,26.537499999999998,26.433333333333334,27.40416666666667,27.429166666666664,27.337500000000002,27.070833333333336,27.104166666666668,27.041666666666668,27.520833333333332,27.55,27.46666666666667
2023-11-24,13.21125,8.616249999999999,20.79041666666667,4.957916666666667,2.7620833333333334,8.73,1747.9726666666666,1927.896825,1601.4177583333333,1587.5637166666666,1452.9737750000002,2290.62895,26.741666666666664,26.920833333333334,26.55,26.579166666666666,26.65416666666667,26.4875,26.645833333333332,26.675,26.625,27.491666666666664,27.5125,27.40833333333333,27.162499999999998,27.179166666666664,27.125,27.537499999999998,27.583333333333332,27.491666666666664
2023-11-25,12.822916666666666,8.012500000000001,19.960833333333333,4.8,2.6879166666666667,8.57875,1740.1602249999999,1950.1806166666665,1617.4946333333335,1604.8663458333333,1462.5592666666669,2312.967208333333,26.645833333333332,26.770833333333332,26.491666666666664,26.770833333333332,26.816666666666666,26.704166666666666,26.925,26.962500000000002,26.866666666666664,27.712500000000002,27.741666666666664,27.645833333333332,27.337500000000002,27.370833333333334,27.30416666666667,27.7,27.724999999999998,27.662499999999998
2023-11-26,12.5725,7.58125,18.935,4.604583333333333,2.6058333333333334,8.40875,1739.8074041666666,1953.2706458333332,1633.1426041666666,1594.3646666666666,1459.0801083333333,2329.047379166667,27.162499999999998,27.333333333333332,26.96666666666667,26.979166666666668,27.025000000000002,26.895833333333332,26.983333333333334,27.008333333333336,26.941666666666666,27.74166666666667,27.775000000000002,27.662499999999998,27.379166666666666,27.40416666666667,27.34583333333333,27.724999999999998,27.7625,27.691666666666666
2023-11-27,12.295416666666666,7.17875,17.83875,4.365416666666667,2.495,8.209583333333333,1727.1749166666668,1946.1030250000001,1644.3486041666665,1554.2711,1438.7835666666667,2355.668533333333,26.59166666666667,26.745833333333334,26.4375,26.8125,26.866666666666664,26.7375,27.020833333333332,27.049999999999997,26.97083333333333,27.84166666666667,27.883333333333336,27.791666666666668,27.516666666666666,27.541666666666668,27.495833333333334,27.837500000000002,27.858333333333334,27.7625
2023-11-28,12.12,6.980833333333333,17.212500000000002,4.182083333333334,2.4187499999999997,8.072916666666666,1710.4157833333331,1931.5011333333332,1647.8922958333333,1516.5759625,1421.4650458333333,2364.3146625,25.616666666666664,25.6875,25.53333333333333,26.2375,26.275000000000002,26.1875,26.662499999999998,26.691666666666666,26.629166666666666,27.683333333333334,27.704166666666666,27.616666666666664,27.433333333333334,27.47083333333333,27.408333333333335,27.808333333333334,27.849999999999998,27.754166666666666
2023-11-29,11.992916666666666,6.8808333333333325,16.816666666666666,4.0512500000000005,2.3716666666666666,7.9725,1708.3604916666666,1916.4219791666667,1643.1185416666667,1487.9417999999998,1407.6501250000001,2364.557533333333,25.166666666666668,25.2625,25.041666666666668,25.579166666666666,25.6125,25.491666666666664,26.058333333333334,26.09166666666667,26.025000000000002,27.150000000000002,27.175,27.09166666666667,26.991666666666664,27.0125,26.974999999999998,27.520833333333332,27.55,27.47083333333333
2023-11-30,11.902500000000002,6.823333333333333,16.601666666666667,3.97,2.335,7.914166666666667,1720.5088916666666,1911.6579833333333,1639.8187166666667,1476.77915,1398.8008583333333,2371.3279166666666,24.891666666666666,25.0,24.766666666666666,25.291666666666668,25.325,25.241666666666664,25.90833333333333,25.925,25.875,27.05,27.099999999999998,27.016666666666666,26.875,26.875,26.866666666666664,27.399999999999995,27.399999999999995,27.325
